STT,Tiêu Đề Bài Viết (Blogger Title),Từ Khóa Chính (Focus Keyword),Nhãn Chuyên Mục (Labels),Gợi Ý Nội Dung / Góc Nhìn,Link Đích CTA,Trạng Thái,Ngày Lên Lịch / Đăng,Link Bài Viết (URL)
1,Landing Page Bất Động Sản Chuẩn SEO: Bí Quyết Chốt Khách Hàng Triệu Đô 2026,Landing Page Bất Động Sản Chuẩn SEO,"tin-tuc, kien-thuc","Hướng dẫn tạo landing page bất động sản chuẩn SEO, form thu thập data 1-chạm, tích hợp VietQR giữ chỗ và tự động báo khách về Telegram/Zalo",https://my.luviet.com/register,Chưa đăng,,
2,Thiết Kế Website Xuất Hóa Đơn Điện Tử Tự Động: Tối Ưu Quản Lý Bán Lẻ 2026,Thiết Kế Website Xuất Hóa Đơn Điện Tử Tự Động,dich-vu,"Giải pháp tạo website bán hàng tích hợp xuất hóa đơn điện tử tự động, đồng bộ dữ liệu thuế và quản lý đơn hàng chuẩn chỉnh cho chủ shop",https://my.luviet.com/register,Chưa đăng,,
3,Hướng Dẫn Kết Nối Pancake Invoice Với Website Bán Hàng Tự Động 2026,Hướng Dẫn Kết Nối Pancake Invoice Với Website Bán Hàng Tự Động 2026,"tin-tuc, kien-thuc","Cách tích hợp và xuất hóa đơn điện tử qua Pancake POS kết nối trực tiếp website bán hàng, giảm 90% quy trình thủ công cho chủ shop",https://my.luviet.com/register,Chưa đăng,,
4,Thiết Kế Website Đồng Nai Chuẩn SEO: Dịch Vụ Trọn Gói Chuyên Nghiệp 2026,Thiết Kế Website Đồng Nai Chuẩn SEO,dich-vu,"Dịch vụ thiết kế website uy tín tại Đồng Nai và Biên Hòa, tối ưu SEO Local đưa doanh nghiệp lên Top 1 Google bền vững",https://my.luviet.com/register,Chưa đăng,,
5,Cách Chuyển UID Sang Số Điện Thoại: Tuyệt Chiêu Chốt Sale Bán Hàng 2026,Cách Chuyển UID Sang Số Điện Thoại,tin-tuc,Bí quyết chuyển đổi UID Facebook sang SĐT khách hàng tiềm năng và điều hướng về website bán hàng tự động để chốt đơn đa kênh,https://my.luviet.com/register,Chưa đăng,,
6,Template Bán Hàng Online Chuẩn CRO: Khởi Tạo Website 30 Giây Không Cần Code,Template Bán Hàng Online Chuẩn CRO,tin-tuc,"Tuyển tập giao diện mẫu website bán hàng chuẩn CRO cho thời trang, mỹ phẩm, F&B khởi tạo trong 30 giây không cần biết lập trình",https://my.luviet.com/register,Chưa đăng,,
7,Bán Hàng Trên Sàn TMĐT Năm 2026: Vì Sao Càng Ra Nhiều Đơn Lợi Nhuận Càng Teo Tóp?,Bán Hàng Trên Sàn TMĐT Năm 2026,tin-tuc,"Phân tích chi phí sàn tăng cao, chiết khấu voucher, bài toán lợi nhuận thực tế và giải pháp kênh D2C tự chủ",https://my.luviet.com/register,Chưa đăng,,
8,Chi Phí Sàn TMĐT Lên Đến 18-25%: Bóc Tách Các Loại Phí Ẩn Đang Bào Mòn Lợi Nhuận Của Bạn,Chi Phí Sàn TMĐT Lên Đến 18-25%,dich-vu,"Chi tiết các khoản phí cố định, phí dịch vụ, phí thanh toán, phí freeship extra và so sánh với chi phí vận hành web riêng",https://my.luviet.com/register,Chưa đăng,,
9,Hiểm Họa Mất Trắng Doanh Nghiệp Khi Bị Khóa Shop TMĐT & Bài Học Tự Chủ Kênh Bán Hàng,Hiểm Họa Mất Trắng Doanh Nghiệp Khi Bị Khóa Shop TMĐT & Bài Học Tự Chủ Kênh Bán Hàng,tin-tuc,"Rủi ro quét thuật toán, khóa tài khoản vô cớ, mất tệp khách hàng và cách phòng tránh bằng website riêng",https://my.luviet.com/register,Chưa đăng,,
10,Tại Sao Bán Hàng Nghìn Đơn Trên Sàn Nhưng Bạn Vẫn Không Sở Hữu Được Khách Hàng?,Tại Sao Bán Hàng Nghìn Đơn Trên Sàn Nhưng Bạn Vẫn Không Sở Hữu Được Khách Hàng?,tin-tuc,"Nỗi đau không có data số điện thoại/email, không remarketing được và chiến lược kéo khách về phễu riêng",https://my.luviet.com/register,Chưa đăng,,
11,Chạy Ads Facebook Ra Hàng Trăm Tin Nhắn Nhưng Tỷ Lệ Chốt Dưới 5%: Đâu Là Nguyên Nhân Thật Sự?,Chạy Ads Facebook Ra Hàng Trăm Tin Nhắn Nhưng Tỷ Lệ Chốt Dưới 5%,tin-tuc,"Phân tích lý do khách hỏi rồi im lặng, chi phí trên tin nhắn vs chi phí trên đơn hàng và giải pháp trang đích chuyển đổi",https://my.luviet.com/register,Chưa đăng,,
12,Chi Phí Quảng Cáo TikTok & Facebook Ngày Càng Đắt: Bí Quyết Cắt Giảm 50% Ngân Sách Nhờ Landing Page,Chi Phí Quảng Cáo TikTok & Facebook Ngày Càng Đắt,tin-tuc,"Tối ưu điểm chất lượng quảng cáo, chạy chuyển đổi trực tiếp về trang đích 1-chạm giúp tăng ROAS gấp 2 lần",https://my.luviet.com/register,Chưa đăng,,
13,Nỗi Ám Ảnh Bom Hàng COD: 5 Cách Đơn Giản Giúp Chủ Shop Ép Tỷ Lệ Hoàn Về Dưới 3%,Nỗi Ám Ảnh Bom Hàng COD,tin-tuc,"Thiệt hại từ phí ship 2 đầu, tâm lý khách hàng khi đặt COD và phương pháp thanh toán chuyển khoản VietQR tự động",https://my.luviet.com/register,Chưa đăng,,
14,Thuê Đơn Vị Làm Website 10-20 Triệu: Những Bẫy Chi Phí Và Bất Cập Chủ Shop Cần Biết,Thuê Đơn Vị Làm Website 10-20 Triệu,dich-vu,"Phí duy trì hosting hàng năm, lỗi plugin, phụ thuộc kỹ thuật và sự vượt trội của nền tảng No-Code trọn gói",https://my.luviet.com/register,Chưa đăng,,
15,Tại Sao 80% Website Doanh Nghiệp Vừa Làm Xong Đã Bị Bỏ Hoang Không Ra Đơn?,Tại Sao 80% Website Doanh Nghiệp Vừa Làm Xong Đã Bị Bỏ Hoang Không Ra Đơn?,tin-tuc,"Sai lầm khi làm web cồng kềnh như brochure, thiếu yếu tố CRO, thiếu cổng thanh toán và cách khắc phục",https://my.luviet.com/register,Chưa đăng,,
16,Kinh Doanh D2C (Direct-to-Consumer): Xu Hướng Bắt Buộc Nếu Muốn Tồn Tại Trong Kỷ Nguyên Mới,Kinh Doanh D2C (Direct-to-Consumer),tin-tuc,"Phân tích mô hình D2C, lợi thế biên lợi nhuận cao, xây dựng lòng trung thành thương hiệu không qua trung gian",https://my.luviet.com/register,Chưa đăng,,
17,Cuộc Chiến Phá Giá Khốc Liệt Trên Sàn: Làm Sao Để Bán Giá Cao Mà Khách Vẫn Tranh Nhau Mua?,Cuộc Chiến Phá Giá Khốc Liệt Trên Sàn,tin-tuc,"Chiến lược định vị thương hiệu, tạo combo giá trị cao, dùng Landing Page chuyên nghiệp để thoát khỏi bẫy so sánh giá",https://my.luviet.com/register,Chưa đăng,,
18,Bán Hàng Qua Inbox Cá Nhân: Những Lỗ Hổng Khiến Bạn Mất 60% Doanh Thu Tiềm Năng,Bán Hàng Qua Inbox Cá Nhân,tin-tuc,"Tốc độ phản hồi chậm, sót tin nhắn, nhân viên quên chốt sale và sức mạnh của hệ thống đặt hàng tự động",https://my.luviet.com/register,Chưa đăng,,
19,Nghệ Thuật Giữ Chân Khách Cũ: Vì Sao Chi Phí Kiếm Khách Mới Đắt Gấp 7 Lần Chăm Sóc Lại?,Nghệ Thuật Giữ Chân Khách Cũ,tin-tuc,"Tối ưu giá trị vòng đời khách hàng (LTV), xây dựng phễu email marketing và ưu đãi tri ân tự động",https://my.luviet.com/register,Chưa đăng,,
20,Quản Lý Đơn Bằng Sổ Sách & File Excel: Rủi Ro Thất Thoát Hàng Trăm Triệu Mỗi Năm,Quản Lý Đơn Bằng Sổ Sách & File Excel,tin-tuc,"Thất thoát tồn kho, nhầm lẫn địa chỉ giao hàng, chậm trễ đối soát tiền COD và giải pháp quản lý tập trung",https://my.luviet.com/register,Chưa đăng,,
21,Khách Hỏi Giá Xong Im Lặng: Cách Chấm Dứt Tình Trạng Bị Khách Bỏ Rơi Nhờ Trang Đích Tự Động,Khách Hỏi Giá Xong Im Lặng,tin-tuc,"Tâm lý khách hàng khi hỏi giá, cách cung cấp thông tin minh bạch, chứng thực xã hội và form đặt hàng tức thì",https://my.luviet.com/register,Chưa đăng,,
22,Bán Hàng Đa Kênh (Omnichannel) Cho Người Ít Vốn: Bắt Đầu Từ Đâu Để Không Bị Ngợp?,Bán Hàng Đa Kênh (Omnichannel) Cho Người Ít Vốn,tin-tuc,"Lộ trình đồng bộ sản phẩm từ Facebook, TikTok, Zalo về 1 website bán hàng trung tâm với chi phí 0 đồng",https://my.luviet.com/register,Chưa đăng,,
23,Vì Sao Website Của Bạn Tải Chậm Quá 3 Giây Khiến Khách Hàng Thoát Trang Hàng Loạt?,Vì Sao Website Của Bạn Tải Chậm Quá 3 Giây Khiến Khách Hàng Thoát Trang Hàng Loạt?,tin-tuc,"Tác động của tốc độ tải trang tới tỷ lệ chuyển đổi, tối ưu mã nguồn, CDN và kiến trúc siêu tốc của AILADI",https://my.luviet.com/register,Chưa đăng,,
24,Bài Toán Dòng Tiền Kinh Doanh Online: Đọng Vốn Tiền COD Và Cách Thu Tiền Ngay Về Tài Khoản,Bài Toán Dòng Tiền Kinh Doanh Online,tin-tuc,Dòng tiền bị giam giữ 7-15 ngày tại đơn vị vận chuyển và giải pháp khuyến khích thanh toán trước qua QR,https://my.luviet.com/register,Chưa đăng,,
25,Rủi Ro Khi Phụ Thuộc 100% Vào Nền Tảng Bên Thứ Ba Và Chiến Lược Xây Dựng Sân Nhà Vững Chắc,Rủi Ro Khi Phụ Thuộc 100% Vào Nền Tảng Bên Thứ Ba Và Chiến Lược Xây Dựng Sân Nhà Vững Chắc,tin-tuc,Phân tích các đợt đổi thuật toán của Facebook/TikTok/Shopee và tầm quan trọng của việc sở hữu tên miền riêng,https://my.luviet.com/register,Chưa đăng,,
26,Tư Duy Xây Hệ Thống Bán Hàng Tự Động Hóa: 1 Người Vẫn Vận Hành Trơn Tru Hàng Trăm Đơn/Ngày,Tư Duy Xây Hệ Thống Bán Hàng Tự Động Hóa,tin-tuc,"Tối ưu hóa quy trình từ hứng lead, tư vấn, tạo đơn, in phiếu ship đến chăm sóc sau bán hàng tự động",https://my.luviet.com/register,Chưa đăng,,
27,Landing Page Chuẩn CRO Là Gì? Bí Quyết Tăng Gấp Đôi Tỷ Lệ Đặt Hàng Mà Không Tăng Tiền Ads,Landing Page Chuẩn CRO Là Gì? Bí Quyết Tăng Gấp Đôi Tỷ Lệ Đặt Hàng Mà Không Tăng Tiền Ads,tin-tuc,"Định nghĩa CRO, phân tích cấu trúc trang đích chuyển đổi cao, các khối nội dung bắt buộc phải có",https://my.luviet.com/register,Chưa đăng,,
28,Form Đặt Hàng 1-Chạm (1-Click Checkout): Trải Nghiệm Mua Sắm Siêu Tốc Giúp Khách Không Kịp Đắn Đo,Form Đặt Hàng 1-Chạm (1-Click Checkout),tin-tuc,"Cắt giảm các bước rườm rà, bỏ đăng ký tài khoản bắt buộc, điền nhanh địa chỉ và đặt hàng ngay",https://my.luviet.com/register,Chưa đăng,,
29,Công Nghệ VietQR Động: Giải Pháp Quét Mã Trả Tiền Trong 3 Giây Đột Phá Doanh Số Shop Online,Công Nghệ VietQR Động,tin-tuc,"Cơ chế tự điền số tiền chính xác và nội dung đơn hàng, tiền về thẳng tài khoản shop tức thì không qua trung gian",https://my.luviet.com/register,Chưa đăng,,
30,"Bật Mí Cách Tự Động Đẩy Đơn Sang GHTK, GHN, Viettel Post Chỉ Với 1 Cú Click Chuột","Bật Mí Cách Tự Động Đẩy Đơn Sang GHTK, GHN, Viettel Post Chỉ Với 1 Cú Click Chuột",tin-tuc,"Kết nối API 4 hãng vận chuyển lớn nhất Việt Nam, loại bỏ hoàn toàn việc gõ tay địa chỉ thủ công",https://my.luviet.com/register,Chưa đăng,,
31,Cách Tự Động Tính Phí Vận Chuyển Theo Từng Xã/Phường Chuẩn Xác 100% Cho Website Của Bạn,Cách Tự Động Tính Phí Vận Chuyển Theo Từng Xã/Phường Chuẩn Xác 100% Cho Website Của Bạn,dich-vu,"Tích hợp dữ liệu địa giới hành chính Việt Nam, tự động báo giá ship chính xác giúp khách an tâm chốt đơn",https://my.luviet.com/register,Chưa đăng,,
32,7 Khối Hiệu Ứng Tâm Lý Đỉnh Cao Giúp Landing Page Tăng Vọt Tỷ Lệ Chốt Sale,7 Khối Hiệu Ứng Tâm Lý Đỉnh Cao Giúp Landing Page Tăng Vọt Tỷ Lệ Chốt Sale,tin-tuc,"Khám phá các khối: Đồng hồ đếm ngược, pop-up đơn hàng nhảy, đánh giá kèm ảnh, cam kết hoàn tiền",https://my.luviet.com/register,Chưa đăng,,
33,Ứng Dụng Hiệu Ứng FOMO (Sợ Bỏ Lỡ) Đúng Cách Để Kích Thích Khách Hàng Ra Quyết Định Trong 60 Giây,Ứng Dụng Hiệu Ứng FOMO (Sợ Bỏ Lỡ) Đúng Cách Để Kích Thích Khách Hàng Ra Quyết Định Trong 60 Giây,tin-tuc,"Pop-up thông báo khách vừa mua hàng theo thời gian thực, tạo hiệu ứng đám đông và kích thích tâm lý mua ngay",https://my.luviet.com/register,Chưa đăng,,
34,Đồng Hồ Đếm Ngược Giờ Vàng: Vũ Khí Tạo Cảm Giác Khan Hiếm Khiến Khách Mua Ngay Lập Tức,Đồng Hồ Đếm Ngược Giờ Vàng,tin-tuc,"Tâm lý sợ mất cơ hội ưu đãi, thiết lập thời gian đếm ngược hợp lý trên từng phiên truy cập",https://my.luviet.com/register,Chưa đăng,,
35,Tối Ưu Sticky CTA Bar Trên Điện Thoại: Tăng 35% Lượt Bấm Mua Hàng Di Động,Tối Ưu Sticky CTA Bar Trên Điện Thoại,tin-tuc,"Thiết kế thanh nút Mua Ngay bám dính đáy màn hình điện thoại, luôn trong tầm với của ngón tay cái",https://my.luviet.com/register,Chưa đăng,,
36,Quy Trình Xử Lý Đơn Hàng Từ 15 Phút Xuống 15 Giây Nhờ Tự Động In Tem Mã Vận Đơn A6,Quy Trình Xử Lý Đơn Hàng Từ 15 Phút Xuống 15 Giây Nhờ Tự Động In Tem Mã Vận Đơn A6,tin-tuc,"Tự sinh mã vận đơn, xuất phiếu in nhiệt A6 dán lên kiện hàng, chuyên nghiệp hóa khâu đóng gói giao nhận",https://my.luviet.com/register,Chưa đăng,,
37,Email Marketing Tự Động Cứu Giỏ Hàng Bỏ Quên: Cách Lấy Lại 30% Đơn Hàng Tưởng Chừng Đã Mất,Email Marketing Tự Động Cứu Giỏ Hàng Bỏ Quên,tin-tuc,Kịch bản tự động gửi email nhắc nhở sau 30 phút kèm mã ưu đãi độc quyền để thôi thúc khách hoàn tất đơn hàng,https://my.luviet.com/register,Chưa đăng,,
38,Xây Dựng Quy Trình Remarketing 0 Đồng Cho Khách Hàng Cũ Bằng Hệ Thống CRM Tích Hợp Sẵn,Xây Dựng Quy Trình Remarketing 0 Đồng Cho Khách Hàng Cũ Bằng Hệ Thống CRM Tích Hợp Sẵn,tin-tuc,"Phân loại tệp khách hàng theo lịch sử mua sắm, gửi thông báo sản phẩm mới và voucher sinh nhật tự động",https://my.luviet.com/register,Chưa đăng,,
39,Bảng So Sánh Sản Phẩm Trực Quan: Đòn Bẩy Giúp Khách Hàng Nâng Cấp Lên Gói Combo Đắt Tiền Hơn,Bảng So Sánh Sản Phẩm Trực Quan,tin-tuc,"Kỹ thuật neo giá, làm nổi bật gói sản phẩm mang lại lợi nhuận cao nhất để dẫn dắt hành vi khách mua",https://my.luviet.com/register,Chưa đăng,,
40,Nghệ Thuật Bố Trí Feedback & Đánh Giá Khách Hàng Để Xây Dựng Niềm Tin Tuyệt Đối,Nghệ Thuật Bố Trí Feedback & Đánh Giá Khách Hàng Để Xây Dựng Niềm Tin Tuyệt Đối,tin-tuc,"Trưng bày đánh giá 5 sao, hình ảnh unbox thực tế, tin nhắn chụp màn hình xóa tan rào cản nghi ngờ",https://my.luviet.com/register,Chưa đăng,,
41,Tối Ưu Tốc Độ Tải Trang Dưới 1 Giây: Bí Quyết Kỹ Thuật Đằng Sau Tỷ Lệ Chuyển Đổi Vượt Trội,Tối Ưu Tốc Độ Tải Trang Dưới 1 Giây,tin-tuc,"Nén ảnh WebP tự động, tối ưu hóa CSS/JS, cơ chế lưu bộ nhớ đệm giúp khách bấm là mở ngay",https://my.luviet.com/register,Chưa đăng,,
42,Tại Sao Giao Diện Tối Giản (Minimalism) Lại Giúp Bán Hàng Online Hiệu Quả Hơn Web Rườm Rà?,Tại Sao Giao Diện Tối Giản (Minimalism) Lại Giúp Bán Hàng Online Hiệu Quả Hơn Web Rườm Rà?,tin-tuc,"Giảm tải nhận thức cho người dùng, tập trung toàn bộ sự chú ý vào lợi ích sản phẩm và nút đặt mua",https://my.luviet.com/register,Chưa đăng,,
43,Tích Hợp Popup Ưu Đãi Khi Khách Định Rời Trang (Exit-Intent Popup) Để Giữ Chân Người Mua,Tích Hợp Popup Ưu Đãi Khi Khách Định Rời Trang (Exit-Intent Popup) Để Giữ Chân Người Mua,tin-tuc,"Công nghệ nhận diện hành vi rê chuột thoát trang, tung mã giảm giá chót để cứu vãn chuyển đổi",https://my.luviet.com/register,Chưa đăng,,
44,Bảo Vệ Doanh Số: Cách Thiết Lập Cơ Chế Tự Động Khóa Spam Và Đơn Hàng Rác,Bảo Vệ Doanh Số,tin-tuc,"Chặn IP ảo, lọc số điện thoại rác, ngăn chặn đối thủ phá hoại ngân sách quảng cáo và đơn hàng",https://my.luviet.com/register,Chưa đăng,,
45,Checklist 15 Bước Tối Ưu UX/UI Cho Website Bán Hàng Di Động Đạt Điểm 10 Trải Nghiệm,Checklist 15 Bước Tối Ưu UX/UI Cho Website Bán Hàng Di Động Đạt Điểm 10 Trải Nghiệm,tin-tuc,"Font chữ dễ đọc, khoảng cách ngón tay, bố cục hình ảnh, thanh điều hướng mượt mà trên smartphone",https://my.luviet.com/register,Chưa đăng,,
46,Bí Quyết Thiết Kế Combo Sản Phẩm Tăng Giá Trị Trung Bình Trên Mỗi Đơn Hàng (AOV),Bí Quyết Thiết Kế Combo Sản Phẩm Tăng Giá Trị Trung Bình Trên Mỗi Đơn Hàng (AOV),tin-tuc,"Kỹ thuật Upsell, Cross-sell ngay trong form đặt hàng: Mua 2 tặng 1, mua kèm sản phẩm phụ giảm 50%",https://my.luviet.com/register,Chưa đăng,,
47,AI Chatbot Gemini 24/7: Nhân Viên Tư Vấn Không Bao Giờ Ngủ Giúp Chốt Đơn Ca Đêm Cho Shop,AI Chatbot Gemini 24/7,"tin-tuc, kien-thuc","Tự động hóa tư vấn lúc 12h đêm - 2h sáng, trả lời thắc mắc về kích cỡ, màu sắc, ưu đãi và chốt đơn",https://my.luviet.com/register,Chưa đăng,,
48,Cách Huấn Luyện AI Đóng Vai Chuyên Gia Tư Vấn Đúng Kiến Thức Sản Phẩm Của Cửa Hàng Bạn,Cách Huấn Luyện AI Đóng Vai Chuyên Gia Tư Vấn Đúng Kiến Thức Sản Phẩm Của Cửa Hàng Bạn,tin-tuc,"Nhập thông tin sản phẩm, chính sách bảo hành, văn phong thương hiệu vào bộ não AI trong 5 phút",https://my.luviet.com/register,Chưa đăng,,
49,Tự Động Hóa Viết Bài Chuẩn SEO 1500 Chữ Với AI Chỉ Trong 2 Phút Không Cần Thuê Content,Tự Động Hóa Viết Bài Chuẩn SEO 1500 Chữ Với AI Chỉ Trong 2 Phút Không Cần Thuê Content,tin-tuc,"Quy trình tạo bài viết chuẩn H1-H2-H3, tối ưu mật độ từ khóa và internal link tự động bằng AI",https://my.luviet.com/register,Chưa đăng,,
50,AI Tạo Hình Ảnh Sản Phẩm & Thumbnail Chuẩn Tỷ Lệ 16:9 Nghệ Thuật Không Cần Biết Photoshop,AI Tạo Hình Ảnh Sản Phẩm & Thumbnail Chuẩn Tỷ Lệ 16,tin-tuc,"Tạo ảnh banner đại diện theo phong cách 3D/Cinematic, ẩn dụ thị giác bắt mắt thu hút lượt click",https://my.luviet.com/register,Chưa đăng,,
51,Cách AI Phân Tích Hành Vi Khách Hàng Để Gợi Ý Sản Phẩm Kèm Tăng Doanh Thu Tức Thì,Cách AI Phân Tích Hành Vi Khách Hàng Để Gợi Ý Sản Phẩm Kèm Tăng Doanh Thu Tức Thì,tin-tuc,Trí tuệ nhân tạo nhận diện sản phẩm khách quan tâm và tự động đề xuất mặt hàng liên quan phù hợp,https://my.luviet.com/register,Chưa đăng,,
52,So Sánh Chatbot Kịch Bản Cũ Kỹ (Nút Bấm) vs Trợ Lý AI Ngôn Ngữ Tự Nhiên Hiện Đại,So Sánh Chatbot Kịch Bản Cũ Kỹ (Nút Bấm) vs Trợ Lý AI Ngôn Ngữ Tự Nhiên Hiện Đại,tin-tuc,Vì sao khách ghét bấm nút kịch bản cứng nhắc và thích trò chuyện thông minh linh hoạt với AI,https://my.luviet.com/register,Chưa đăng,,
53,Tối Ưu 80% Chi Phí Nhân Sự Trực Trực Tuyến Nhờ Đưa AI Vào Tiếp Nhận Khách Hàng,Tối Ưu 80% Chi Phí Nhân Sự Trực Trực Tuyến Nhờ Đưa AI Vào Tiếp Nhận Khách Hàng,tin-tuc,"Tiết kiệm hàng chục triệu tiền thuê nhân viên trực ca đêm, tăng tốc độ phản hồi tức thì dưới 1 giây",https://my.luviet.com/register,Chưa đăng,,
54,Cách Sử Dụng AI Để Viết Lại Tiêu Đề & Mô Tả Sản Phẩm Hút Hồn Tăng Tỷ Lệ Click,Cách Sử Dụng AI Để Viết Lại Tiêu Đề & Mô Tả Sản Phẩm Hút Hồn Tăng Tỷ Lệ Click,tin-tuc,"Công thức viết headline giật tít, mô tả chạm đúng insight khách hàng bằng các mô hình AI tiên tiến",https://my.luviet.com/register,Chưa đăng,,
55,Bí Quyết Dùng AI Nghiên Cứu Bộ Từ Khóa Ngách Ít Cạnh Tranh Giúp Website Lên Top Google,Bí Quyết Dùng AI Nghiên Cứu Bộ Từ Khóa Ngách Ít Cạnh Tranh Giúp Website Lên Top Google,tin-tuc,Tìm kiếm hàng trăm từ khóa dài (long-tail keywords) có tỷ lệ chuyển đổi mua hàng cao nhất,https://my.luviet.com/register,Chưa đăng,,
56,Xây Dựng Cỗ Máy Sản Xuất Nội Dung Đa Kênh Tự Động Cho Fanpage Và Blog Nhờ AI,Xây Dựng Cỗ Máy Sản Xuất Nội Dung Đa Kênh Tự Động Cho Fanpage Và Blog Nhờ AI,tin-tuc,"Kết hợp tự động viết blog, tạo kịch bản Facebook Post và lên lịch đăng bài hoàn toàn tự động",https://my.luviet.com/register,Chưa đăng,,
57,"AI Tự Động Trả Lời Câu Hỏi Về Phí Ship, Thời Gian Giao Hàng Và Chính Sách Đổi Trả","AI Tự Động Trả Lời Câu Hỏi Về Phí Ship, Thời Gian Giao Hàng Và Chính Sách Đổi Trả",tin-tuc,Giải đáp chính xác các thắc mắc thường gặp của người mua mà không cần con người can thiệp,https://my.luviet.com/register,Chưa đăng,,
58,Kịch Bản Xử Lý Từ Chối Mua Hàng Cực Khéo Léo Được Lập Trình Cho AI Chatbot,Kịch Bản Xử Lý Từ Chối Mua Hàng Cực Khéo Léo Được Lập Trình Cho AI Chatbot,"tin-tuc, kien-thuc","Cách AI hóa giải các câu từ chối: chê đắt, để suy nghĩ thêm, tham khảo ý kiến người thân",https://my.luviet.com/register,Chưa đăng,,
59,Tương Lai Của E-Commerce 2026: Doanh Nghiệp Không Dùng AI Sẽ Bị Đào Thải Ra Sao?,Tương Lai Của E-Commerce 2026,tin-tuc,Phân tích xu hướng chuyển dịch của thương mại điện tử thông minh và cách đón đầu làn sóng mới,https://my.luviet.com/register,Chưa đăng,,
60,Hướng Dẫn Tích Hợp AI Vào Website Bán Hàng my.luviet.com Trong Đúng 1 Bước,Hướng Dẫn Tích Hợp AI Vào Website Bán Hàng my.luviet.com Trong Đúng 1 Bước,"tin-tuc, kien-thuc","Thao tác bật tính năng trợ lý ảo AI, kích hoạt module tư vấn tự động ngay trong bảng điều khiển",https://my.luviet.com/register,Chưa đăng,,
61,Tự Động Hóa Báo Cáo Doanh Thu & Dự Báo Xu Hướng Bán Chạy Nhờ Phân Tích Dữ Liệu AI,Tự Động Hóa Báo Cáo Doanh Thu & Dự Báo Xu Hướng Bán Chạy Nhờ Phân Tích Dữ Liệu AI,tin-tuc,"AI tổng hợp số liệu đơn hàng, chỉ ra mặt hàng bán chạy và đề xuất chiến lược nhập hàng chuẩn xác",https://my.luviet.com/register,Chưa đăng,,
62,Ngành Mỹ Phẩm: Cách Xây Dựng Trang Đích Trị Mụn/Trắng Da Tăng Vọt Tỷ Lệ Chốt Combo,Ngành Mỹ Phẩm,tin-tuc,"Thiết kế phần so sánh trước/sau khi dùng, cam kết chính hãng và combo liệu trình chăm sóc da",https://my.luviet.com/register,Chưa đăng,,
63,Ngành Thời Trang: Bí Quyết Setup Bảng Chọn Size Thông Minh Giúp Giảm 90% Tỷ Lệ Đổi Trả,Ngành Thời Trang,tin-tuc,"Tích hợp bảng tính chiều cao/cân nặng tự động, chọn màu sắc và ảnh mẫu mặc thực tế",https://my.luviet.com/register,Chưa đăng,,
64,Ngành Thực Phẩm Chức Năng: Dựng Landing Page Chuẩn Y Khoa Tạo Niềm Tin Tuyệt Đối Với Người Dùng,Ngành Thực Phẩm Chức Năng,tin-tuc,"Trưng bày chứng nhận Bộ Y Tế, lời khuyên chuyên gia, nguồn gốc nguyên liệu và chính sách hoàn tiền",https://my.luviet.com/register,Chưa đăng,,
65,Ngành Đồ Gia Dụng Thông Minh: Sử Dụng Video Minh Họa & GIF Trên Trang Đích Để Bùng Nổ Đơn Hàng,Ngành Đồ Gia Dụng Thông Minh,"tin-tuc, kien-thuc",Hướng dẫn chèn video/ảnh động trực quan thể hiện công năng độc đáo của sản phẩm gia dụng,https://my.luviet.com/register,Chưa đăng,,
66,"Ngành F&B / Đồ Ăn Uống: Tạo Menu Đặt Món Trực Tuyến 1-Chạm Giao Ngay Cho Quán Ăn, Trà Sữa",Ngành F&B / Đồ Ăn Uống,tin-tuc,"Dựng thực đơn điện tử có hình ảnh món ăn bắt mắt, tự chọn topping và giao hàng nhanh khu vực",https://my.luviet.com/register,Chưa đăng,,
67,Ngành Nông Sản & Đặc Sản Vùng Miền: Kể Câu Chuyện Nguồn Gốc Xuất Xứ Hút Khách Mua Làm Quà,Ngành Nông Sản & Đặc Sản Vùng Miền,tin-tuc,"Xây dựng câu chuyện thương hiệu nhà vườn, quy trình canh tác sạch và đóng gói quà biếu cao cấp",https://my.luviet.com/register,Chưa đăng,,
68,Ngành Phụ Kiện & Đồ Chơi Công Nghệ: Cách Tạo Ưu Đãi Giờ Vàng Flash Sale Kéo Hàng Nghìn Đơn,Ngành Phụ Kiện & Đồ Chơi Công Nghệ,tin-tuc,"Setup trang giảm giá sốc kèm đồng hồ đếm ngược cho tai nghe, sạc cáp, ốp lưng điện thoại",https://my.luviet.com/register,Chưa đăng,,
69,Ngành Mẹ & Bé: Xây Dựng Blog Chia Sẻ Kiến Thức Kết Hợp Bán Hàng Tự Nhiên Không Gây Phản Cảm,Ngành Mẹ & Bé,tin-tuc,"Viết cẩm nang chăm sóc trẻ sơ sinh, dinh dưỡng ăn dặm khéo léo lồng ghép sản phẩm tã bỉm, sữa bột",https://my.luviet.com/register,Chưa đăng,,
70,"Dành Cho Khóa Học & Digital Product: Bán Ebook, Khóa Học Online Tự Động Thu Tiền & Gửi Link Tức Thì",Dành Cho Khóa Học & Digital Product,tin-tuc,Hệ thống nhận tiền VietQR và tự động gửi link học/tải tài liệu qua email mà không cần duyệt tay,https://my.luviet.com/register,Chưa đăng,,
71,Dành Cho Dịch Vụ Spa / Thẩm Mỹ Viện: Trang Đích Đặt Lịch Hẹn Tư Vấn Tự Động Khóa Khung Giờ,Dành Cho Dịch Vụ Spa / Thẩm Mỹ Viện,dich-vu,"Form chọn ngày giờ làm đẹp, nhắc lịch hẹn qua SMS/Zalo và tặng voucher trải nghiệm lần đầu",https://my.luviet.com/register,Chưa đăng,,
72,Ngành Nội Thất & Đồ Trang Trí Nhà Cửa: Trưng Bày Không Gian Sống Thực Tế Thúc Đẩy Mua Sắm,Ngành Nội Thất & Đồ Trang Trí Nhà Cửa,tin-tuc,"Bố cục hình ảnh phối cảnh phòng khách, phòng ngủ và form tư vấn thiết kế thi công trọn gói",https://my.luviet.com/register,Chưa đăng,,
73,"Ngành Trang Sức & Quà Tặng: Tạo Giao Diện Sang Trọng, Tích Hợp Tùy Chọn Khắc Tên Theo Yêu Cầu",Ngành Trang Sức & Quà Tặng,tin-tuc,"Form nhập nội dung khắc chữ cá nhân hóa, chọn hộp quà nơ thiệp làm quà tặng người yêu",https://my.luviet.com/register,Chưa đăng,,
74,Bán Hàng Ngách Phong Thủy / Vật Phẩm Tâm Linh: Cách Dựng Landing Page Thuyết Phục & Uy Tín,Bán Hàng Ngách Phong Thủy / Vật Phẩm Tâm Linh,tin-tuc,"Nhập thông tin năm sinh chọn màu mệnh tương sinh, thỉnh vòng tay, tượng phong thủy may mắn",https://my.luviet.com/register,Chưa đăng,,
75,Mô Hình Bán Hàng B2B Cho Nhà Xưởng: Tạo Trang Giới Thiệu Năng Lực & Báo Giá Bán Buôn Tự Động,Mô Hình Bán Hàng B2B Cho Nhà Xưởng,dich-vu,"Form tải hồ sơ năng lực, đăng ký nhận bảng giá đại lý sỉ và hợp đồng cung ứng số lượng lớn",https://my.luviet.com/register,Chưa đăng,,
76,Cửa Hàng Tạp Hóa / Siêu Thị Mini: Chuyển Đổi Số Nhanh Cho Khách Khu Vực Đặt Hàng Giao Tận Nhà,Cửa Hàng Tạp Hóa / Siêu Thị Mini,tin-tuc,"Xây dựng gian hàng nhu yếu phẩm online phục vụ cư dân khu đô thị, xóm trọ giao trong 30 phút",https://my.luviet.com/register,Chưa đăng,,
77,Hướng Dẫn Từng Bước (A-Z): Tự Tạo Website Bán Hàng Chuẩn Quốc Tế Trong 30 Giây Với my.luviet.com,Hướng Dẫn Từng Bước (A-Z),"tin-tuc, kien-thuc","Hướng dẫn 3 bước: Điền tên shop, chọn ngành hàng, thêm sản phẩm và nhận tiền VietQR ngay",https://my.luviet.com/register,Chưa đăng,,
78,So Sánh Toàn Diện: my.luviet.com vs Shopify vs WooCommerce vs Ladipage — Đâu Là Lựa Chọn Tối Ưu?,So Sánh Toàn Diện,tin-tuc,"Bảng so sánh 7 tiêu chí: Chi phí vận hành, độ dễ sử dụng, cổng thanh toán nội địa và bảo mật dữ liệu",https://my.luviet.com/register,Chưa đăng,,
79,Hướng Dẫn Trỏ Tên Miền Riêng (.VN / .COM) Về Website Bán Hàng Của Bạn Chỉ Mất 3 Phút,Hướng Dẫn Trỏ Tên Miền Riêng (.VN / .COM) Về Website Bán Hàng Của Bạn Chỉ Mất 3 Phút,"tin-tuc, kien-thuc","Cấu hình bản ghi DNS A record và CNAME cực kỳ đơn giản, tự động kích hoạt chứng chỉ SSL miễn phí",https://my.luviet.com/register,Chưa đăng,,
80,Bảo Mật Cơ Sở Dữ Liệu Riêng Biệt (Database Per Tenant): Dữ Liệu Shop Của Bạn An Toàn Như Thế Nào?,Bảo Mật Cơ Sở Dữ Liệu Riêng Biệt (Database Per Tenant),tin-tuc,"Phân tích kiến trúc SQLite độc lập cho từng cửa hàng, chống rò rỉ dữ liệu khách hàng tuyệt đối",https://my.luviet.com/register,Chưa đăng,,
81,Gói PRO 199k/Tháng Trên my.luviet.com: Tại Sao 90% Chủ Shop Đều Nâng Cấp Ngay Tháng Đầu?,Gói PRO 199k/Tháng Trên my.luviet.com,tin-tuc,"Mở khóa 100 sản phẩm, kết nối 4 hãng vận chuyển, xóa watermark thương hiệu và tự động hóa email",https://my.luviet.com/register,Chưa đăng,,
82,Hướng Dẫn Cấu Hình Tài Khoản Ngân Hàng Nhận Tiền VietQR Tự Động Không Cần Mở Tài Khoản Doanh Nghiệp,Hướng Dẫn Cấu Hình Tài Khoản Ngân Hàng Nhận Tiền VietQR Tự Động Không Cần Mở Tài Khoản Doanh Nghiệp,"tin-tuc, kien-thuc",Kết nối tài khoản cá nhân mọi ngân hàng tại Việt Nam để sinh mã QR thanh toán động tức thì,https://my.luviet.com/register,Chưa đăng,,
83,Các Bước Đăng Ký Website Với Bộ Công Thương Năm 2026 Đúng Luật & Nhanh Gọn Nhất,Các Bước Đăng Ký Website Với Bộ Công Thương Năm 2026 Đúng Luật & Nhanh Gọn Nhất,tin-tuc,"Thủ tục thông báo website thương mại điện tử bán hàng với Bộ Công Thương, gắn logo xác nhận xanh",https://my.luviet.com/register,Chưa đăng,,
84,Tối Ưu SEO Onpage Cho Trang Sản Phẩm: 9 Tiêu Chí Vàng Giúp Lên Top Google Tự Nhiên,Tối Ưu SEO Onpage Cho Trang Sản Phẩm,tin-tuc,"Thẻ Title, Meta Description, Thẻ H1/H2, Alt ảnh, cấu trúc URL thân thiện và dữ liệu có cấu trúc Schema",https://my.luviet.com/register,Chưa đăng,,
85,"Cách Tạo Mã Giảm Giá, Voucher Khuyến Mãi Linh Hoạt Để Thu Hút Khách Mới & Tri Ân Khách Cũ","Cách Tạo Mã Giảm Giá, Voucher Khuyến Mãi Linh Hoạt Để Thu Hút Khách Mới & Tri Ân Khách Cũ",tin-tuc,"Cài đặt voucher giảm theo số tiền, giảm theo %, giới hạn số lượt sử dụng và điều kiện đơn tối thiểu",https://my.luviet.com/register,Chưa đăng,,
86,"Hướng Dẫn Gắn Mã Pixel Facebook, TikTok & Google Analytics Theo Dõi Chuyển Đổi Chính Xác 100%","Hướng Dẫn Gắn Mã Pixel Facebook, TikTok & Google Analytics Theo Dõi Chuyển Đổi Chính Xác 100%","tin-tuc, kien-thuc",Chèn mã tracking vào trang cảm ơn để tối ưu hóa chiến dịch quảng cáo chuyển đổi hiệu quả,https://my.luviet.com/register,Chưa đăng,,
87,Quản Lý Tồn Kho & Cảnh Báo Hết Hàng Tự Động Tránh Tình Trạng Bị Lố Đơn Cho Khách,Quản Lý Tồn Kho & Cảnh Báo Hết Hàng Tự Động Tránh Tình Trạng Bị Lố Đơn Cho Khách,tin-tuc,"Tự động trừ kho khi có đơn thành công, gửi thông báo khi tồn kho xuống dưới mức tối thiểu",https://my.luviet.com/register,Chưa đăng,,
88,Giải Đáp 10 Câu Hỏi Thường Gặp (FAQ) Cho Người Mới Bắt Đầu Kinh Doanh Trên my.luviet.com,Giải Đáp 10 Câu Hỏi Thường Gặp (FAQ) Cho Người Mới Bắt Đầu Kinh Doanh Trên my.luviet.com,tin-tuc,"Giải đáp về chi phí duy trì, rút tiền, đổi giao diện, hỗ trợ kỹ thuật và chính sách hoàn tiền",https://my.luviet.com/register,Chưa đăng,,
89,"Cách Tùy Biến Màu Sắc, Font Chữ Và Logo Đồng Bộ Bộ Nhận Diện Thương Hiệu Của Shop","Cách Tùy Biến Màu Sắc, Font Chữ Và Logo Đồng Bộ Bộ Nhận Diện Thương Hiệu Của Shop",tin-tuc,"Tùy biến mã màu chủ đạo, đổi phông chữ tiếng Việt hiện đại và tải lên favicon chuyên nghiệp",https://my.luviet.com/register,Chưa đăng,,
90,"Hướng Dẫn Xuất Báo Cáo Doanh Thu, Lợi Nhuận Và Chi Phí Vận Chuyển Theo Tháng Nhanh Chóng","Hướng Dẫn Xuất Báo Cáo Doanh Thu, Lợi Nhuận Và Chi Phí Vận Chuyển Theo Tháng Nhanh Chóng","tin-tuc, kien-thuc","Tải file Excel thống kê chi tiết theo ngày, tuần, tháng để đối soát tài chính chuẩn xác",https://my.luviet.com/register,Chưa đăng,,
91,Tận Dụng Gói Miễn Phí 0 Đồng Của AILADI Để Bắt Đầu Khởi Nghiệp Kinh Doanh Không Rủi Ro,Tận Dụng Gói Miễn Phí 0 Đồng Của AILADI Để Bắt Đầu Khởi Nghiệp Kinh Doanh Không Rủi Ro,tin-tuc,"Trải nghiệm toàn bộ tính năng cơ bản, tạo trang bán hàng đầu tiên mà không tốn 1 đồng chi phí",https://my.luviet.com/register,Chưa đăng,,
92,Kiếm Thu Nhập Thụ Động 20 - 50 Triệu/Tháng Từ Chương Trình Tiếp Thị Liên Kết AILADI Partner,Kiếm Thu Nhập Thụ Động 20 - 50 Triệu/Tháng Từ Chương Trình Tiếp Thị Liên Kết AILADI Partner,tin-tuc,"Chính sách hoa hồng 30% đơn đầu + 20% trọn đời khi khách gia hạn hàng tháng, nhận tiền định kỳ",https://my.luviet.com/register,Chưa đăng,,
93,Chính Sách Hoa Hồng 30% Trực Tiếp + 20% Trọn Đời: Cơ Hội Gia Tăng Thu Nhập Bền Vững Cho Creator,Chính Sách Hoa Hồng 30% Trực Tiếp + 20% Trọn Đời,tin-tuc,Phân tích mô hình doanh thu định kỳ (MRR) và tiềm năng thu nhập khi chia sẻ giải pháp hữu ích,https://my.luviet.com/register,Chưa đăng,,
94,Mô Hình Kinh Doanh Dịch Vụ Thiết Kế Web Cho Agency & Freelancer Với Cổng Agency Portal,Mô Hình Kinh Doanh Dịch Vụ Thiết Kế Web Cho Agency & Freelancer Với Cổng Agency Portal,dich-vu,Cơ hội triển khai website sỉ cho hàng nghìn hộ kinh doanh với mức lợi nhuận 80-90%,https://my.luviet.com/register,Chưa đăng,,
95,Cách Freelancer Bàn Giao Website Bán Hàng Cho Khách Trong 15 Phút Và Thu Phí Setup 2-5 Triệu,Cách Freelancer Bàn Giao Website Bán Hàng Cho Khách Trong 15 Phút Và Thu Phí Setup 2-5 Triệu,dich-vu,"Tận dụng kho template có sẵn, setup nhanh thông tin và thu tiền dịch vụ trọn gói từ khách",https://my.luviet.com/register,Chưa đăng,,
96,Chiến Lược Nhân Bản Chuỗi 10+ Website Vệ Tinh Để Thống Trị Từ Khóa Ngách Bán Hàng,Chiến Lược Nhân Bản Chuỗi 10+ Website Vệ Tinh Để Thống Trị Từ Khóa Ngách Bán Hàng,tin-tuc,Phủ sóng toàn bộ từ khóa ngành hàng bằng mạng lưới trang đích vệ tinh tập trung,https://my.luviet.com/register,Chưa đăng,,
97,Xây Dựng Kênh TikTok / YouTube Chia Sẻ Kinh Doanh Kết Hợp Gắn Link Affiliate Phần Mềm,Xây Dựng Kênh TikTok / YouTube Chia Sẻ Kinh Doanh Kết Hợp Gắn Link Affiliate Phần Mềm,tin-tuc,Chiến lược làm video review công cụ kinh doanh online và đặt link tiếp thị liên kết thu hút ngàn đăng ký,https://my.luviet.com/register,Chưa đăng,,
98,Quản Lý Hàng Trăm Khách Hàng Trên Một Màn Hình Duy Nhất Nhờ Hệ Thống Phân Quyền Agency,Quản Lý Hàng Trăm Khách Hàng Trên Một Màn Hình Duy Nhất Nhờ Hệ Thống Phân Quyền Agency,tin-tuc,"Quản lý danh sách website của khách, gia hạn tự động và theo dõi doanh thu hoa hồng minh bạch",https://my.luviet.com/register,Chưa đăng,,
99,Bí Quyết Giới Thiệu Khách Hàng Tái Gia Hạn Gói PRO Hàng Tháng Đều Đặn Để Nhận Hoa Hồng Trọn Đời,Bí Quyết Giới Thiệu Khách Hàng Tái Gia Hạn Gói PRO Hàng Tháng Đều Đặn Để Nhận Hoa Hồng Trọn Đời,"tin-tuc, kien-thuc",Hướng dẫn hỗ trợ khách hàng ra đơn đều đặn để họ duy trì gói phần mềm lâu dài,https://my.luviet.com/register,Chưa đăng,,
100,Cách Tận Dụng Kho 100+ Template Sẵn Có Để Đóng Gói Thành Dịch Vụ Setup Shop Trọn Gói,Cách Tận Dụng Kho 100+ Template Sẵn Có Để Đóng Gói Thành Dịch Vụ Setup Shop Trọn Gói,dich-vu,Tạo các gói dịch vụ: Làm web + viết bài SEO + tạo ảnh thumbnail bàn giao chìa khóa trao tay,https://my.luviet.com/register,Chưa đăng,,
101,Hành Trình Từ Người Bán Hàng Online Trở Thành Đối Tác Phân Phối Phần Mềm SaaS Độc Quyền,Hành Trình Từ Người Bán Hàng Online Trở Thành Đối Tác Phân Phối Phần Mềm SaaS Độc Quyền,tin-tuc,Kinh nghiệm chuyển đổi mô hình từ bán lẻ sang kinh doanh giải pháp công nghệ chuyển đổi số,https://my.luviet.com/register,Chưa đăng,,
102,Xây Dựng Cộng Đồng Khách Hàng Trung Thành Và Biến Họ Thành Kênh Tiếp Thị Truyền Miệng Tự Nhiên,Xây Dựng Cộng Đồng Khách Hàng Trung Thành Và Biến Họ Thành Kênh Tiếp Thị Truyền Miệng Tự Nhiên,tin-tuc,Tạo nhóm Zalo/Facebook chia sẻ kinh nghiệm sử dụng web và kích hoạt chính sách giới thiệu bạn bè,https://my.luviet.com/register,Chưa đăng,,
103,Chiến Lược Tiếp Cận 5 Triệu Hộ Kinh Doanh Cá Thể Đang Khát Khao Làm Website Bán Hàng,Chiến Lược Tiếp Cận 5 Triệu Hộ Kinh Doanh Cá Thể Đang Khát Khao Làm Website Bán Hàng,tin-tuc,"Khai thác tệp khách hàng offline tại các chợ đầu mối, tuyến phố kinh doanh để tư vấn giải pháp online",https://my.luviet.com/register,Chưa đăng,,
104,Cách Tạo Khóa Học Hướng Dẫn Kinh Doanh Online Kèm Công Cụ my.luviet.com Cho Học Viên,Cách Tạo Khóa Học Hướng Dẫn Kinh Doanh Online Kèm Công Cụ my.luviet.com Cho Học Viên,"tin-tuc, kien-thuc","Đóng gói chương trình đào tạo thực chiến, tặng kèm tài khoản website bán hàng để gia tăng giá trị",https://my.luviet.com/register,Chưa đăng,,
105,Tận Dụng Nguồn Khách Hàng Có Sẵn Của Agency Để Bán Thêm Gói Vận Hành E-Commerce Đa Kênh,Tận Dụng Nguồn Khách Hàng Có Sẵn Của Agency Để Bán Thêm Gói Vận Hành E-Commerce Đa Kênh,dich-vu,"Cung cấp dịch vụ chăm sóc website, viết bài blog SEO và chạy quảng cáo chuyển đổi trọn gói",https://my.luviet.com/register,Chưa đăng,,
106,Tầm Nhìn Xây Dựng Hệ Thống Kinh Doanh Online Tự Động Vận Hành Và Sinh Lời Bền Vững 2026 - 2030,Tầm Nhìn Xây Dựng Hệ Thống Kinh Doanh Online Tự Động Vận Hành Và Sinh Lời Bền Vững 2026 - 2030,tin-tuc,Tổng kết chiến lược kết hợp Website + AI + Vận hành tự động để giải phóng sức lao động cho chủ shop,https://my.luviet.com/register,Chưa đăng,,
